6mPynIARfEiHaf,"view_all_merchants","merchant",""
6mPynImQF6H1fc,"view_merchant","merchant",""
6mPynJF3zsDcxx,"view_merchant_balance","merchant",""
6mPynKJrmCcklM,"view_merchant_features","merchant",""
6mPynLXntQf3bk,"view_merchant_banks","merchant",""
6mPynMCJbEqMsg,"view_networks","merchant",""
6mPynMYFNgnS3M,"view_merchant_bank_accounts","merchant",""
6mPynN95zq18v7,"view_merchant_login","merchant",""
6mPynOCqju4HvR,"view_activity","merchant",""
6mPynP5gZEsdN7,"view_pricing_list","merchant",""
6mPynQYF20Qww1,"view_merchant_pricing_rules","merchant",""
6mPynRXJyK5um9,"view_merchant_hdfc_excel","merchant",""
6mPynSUsTonyPv,"view_beneficiary_file","merchant",""
6mPynTniisgNwc,"view_merchant_screenshot","merchant",""
6mPynUX58qWXyY,"view_all_merchant_aggregations","merchant",""
6mPynUzgYSBBID,"view_merchant_aggregations","merchant",""
6mPynVMQowPmjV,"view_merchant_tags","merchant",""
6mPynW0Au8k7jK,"create_pricing_plan","merchant",""
6mPynWZkwK4o2W,"set_pricing_rules","merchant",""
6mPynXPNFg2BBO,"delete_pricing_plan_rules","merchant",""
6mPynYfmauhiaU,"delete_emi_plan","merchant",""
6mPynZ7eDoatkP,"create_emi_plan","merchant",""
6mPynZwDl2YV6C,"create_merchant_lock","merchant",""
6mPynaudbyxWtm,"create_merchant_unlock","merchant",""
6mPyncT2xkqPhh,"edit_merchant","merchant",""
6mPyndRH5sLoaI,"edit_merchant_tags","merchant",""
6mPyneTnsGIueF,"edit_merchant_features","merchant",""
6mPyng7ZRoM3IY,"edit_merchant_comments","merchant",""
6mPynhMngm2kQF,"edit_merchant_banks","merchant",""
6mPyniK3TyiLsJ,"edit_iin_rule","merchant",""
6mPynkNNqaBdIS,"create_merchant_adjustments","merchant",""
6mPynlQ0LoucKU,"edit_activate_merchant","merchant",""
6mPynmmxGCtTS2,"edit_merchant_enable_live","merchant",""
6mPynnRRfMGXie,"edit_merchant_disable_live","merchant",""
6mPynnwpoeKR0e,"edit_merchant_archive","merchant",""
6mPynojjoWX3Hh,"edit_merchant_unarchive","merchant",""
6mPynpRl0Cd3wZ,"edit_merchant_methods","merchant",""
6mPynqx3562ziO,"edit_merchant_international","merchant",""
6mPynsBt84dWuB,"edit_merchant_terminal","merchant",""
6mPynt9qbwYscQ,"edit_merchant_pricing","merchant",""
6mPynu0DUOxwrU,"view_merchant_company_info","merchant",""
6mPynv6SEqHf8r,"view_merchant_credits_log","merchant",""
6mPynvWeKO8Jal,"add_merchant_credits","merchant",""
6mPynw19aSaIzj,"delete_merchant_credits","merchant",""
6mPynwgSSeNiox,"edit_merchant_screenshot","merchant",""
6mPynxPT2mfD3g,"view_payment_verify","merchant",""
6mPynynBYmo3xY,"edit_verify_payments","merchant",""
6mPynzNJPk2jEH,"edit_authorized_failed_payment","merchant",""
6mPyo08DqKcwO7,"view_refund_payments","merchant",""
6mPyo0umVcKmXS,"edit_authorized_refund_payment","merchant",""
6mPyo2OFgWQJXn,"edit_payment_refund","merchant",""
6mPyo3BhF2ynpY,"edit_payment_capture","merchant",""
6mPyo44Nii2wrh,"edit_merchant_confirm","merchant",""
6mPyo4rtxYlkBo,"create_beneficiary_file","merchant",""
6mPyo6GcOGEbRR,"create_netbanking_refund","merchant",""
6mPyo6vD2WNXA2,"create_settlement_initiate","merchant",""
6mPyo7h77gKchY,"delete_terminal","merchant",""
6mPyo99ZrcDpme,"edit_terminal","merchant",""
6mPyoAsvQmK8dc,"create_settlements_reconcile","merchant",""
6mPyoBxVwWLzGL,"create_reconciliate","merchant",""
6mPyoDYmjIjwFJ,"view_activation_form","merchant",""
6mPyoEo0yGFmB9,"edit_merchant_lock_activation","merchant",""
6mPyoGIEC09Q1l,"edit_merchant_unlock_activation","merchant",""
6mPyoHT8kCk31T,"edit_merchant_hold_funds","merchant",""
6mPyoIPNZAcSbx,"edit_merchant_release_funds","merchant",""
6mPyoK6yeWF2X5,"edit_merchant_enable_receipt","merchant",""
6mPyoLNfwe67j7,"edit_merchant_disable_receipt","merchant",""
6mPyoMmfo09o9O,"assign_merchant_terminal","merchant",""
6mPyoO1AGGMPqO,"assign_merchant_banks","merchant",""
6mPyoOyggij2OF,"add_merchant_adjustment","merchant",""
6mPyoR21aaPPDS,"edit_merchant_email","merchant",""
6mPyoSNEXQv3cR,"merchant_autofill_form","merchant",""
6mPyoToIuWjvfR,"edit_merchant_mark_referred","merchant",""
6mPyoUr400ALJe,"view_as_entity","merchant",""
6mPyoVebncQ9hR,"view_merchant_referrer","merchant",""
6mPyoXJjOqIe8c,"view_merchant_balance_test","merchant",""
6mPyoY7RbcW1Yq,"view_merchant_balance_live","merchant",""
6mPyoYxHBY1PgJ,"add_reconciliation_file","merchant",""
6mPyoaGWO0B67D,"add_settlement_reconciliation","merchant",""
6mPyoazfoWIbSl,"send_newsletter","merchant",""
6mPyobf1oGqWYU,"trigger_dummy_error","merchant",""
6mPyocUI0elKp0,"make_api_call","merchant",""
6mPyoe29IWjjnb,"view_all_entity","entity",""
6mPyoewTlmiET2,"view_all_org","org",""
6mPyofkSLgYLTY,"view_org","org",""
6mPyohCfk0PJqo,"create_org","org",""
6mPyoiMO9QQkmE,"edit_org","org",""
6mPyoj9jjyTjQZ,"delete_org","role",""
6mPyokdG1QarTG,"view_all_role","role",""
6mPyol6fewFt7j,"view_role","role",""
6mPyolTPtQhgbU,"create_role","role",""
6mPyoluMoCh5Nr,"edit_role","role",""
6mPyomXT6eKBKN,"delete_role","role",""
6mPyonHZqaBO0o,"view_all_group","group",""
6mPyooj0KeyfqX,"view_group","group",""
6mPyopPG00POLJ,"create_group","group",""
6mPyoq7z9UFkKE,"edit_group","group",""
6mPyoqt7tAd5Cd,"delete_group","group",""
6mPyosLfpgTcT6,"group_get_allowed_groups","group",""
6mPyotBIPAwlZD,"view_all_admin","admin",""
6mPyots4KWnszC,"view_admin","admin",""
6mPyovLrHE5IGw,"create_admin","admin",""
6mPyowCC4eEiQF,"edit_admin","admin",""
6mPyowlZtmUvj8,"delete_admin","admin",""
6mPyoxYii0NKSL,"logout_admin","admin",""
6mPyoxYii0LlRH,"view_all_permission","permission",""
6mPyoxYii0LQSI,"create_permission","permission",""
6mPyoxYii0lQSJ,"edit_permission","permission",""
6mPyoxYii0lQSK,"delete_permission","permission",""
6mPyoxYii0lQSL,"get_permission","permission",""
6mPyoxYii0lQRS,"create_org_fieldmap","org_fieldmap","org"
6mPyoxYii0lQRT,"edit_org_fieldmap","org_fieldmap","org"
6mPyoxYii0lQSU,"get_org_fieldmap","org_fieldmap","org"
6mPyoxYii0lQRW,"delete_org_fieldmap","org_fieldmap","org"
7MRG5CjJewKiiF,"create_merchant_invite","merchant","merchant"
7MRGGzKxLyOGog,"view_merchant_invite","merchant","merchant"
7PAjIFRwfAMyu6,"schedule_update","permission",""
7PAjXWk8bYXEr9,"schedule_create","permission",""
7PAjeUBsDQAy9m,"schedule_assign","permission",""
7PAk1DaDjM36pf,"schedule_migration","permission",""
7PAk88uX3g6JQp,"schedule_delete","permission",""
